{"cameraMode":{"drawMode":0,"name":"Shaded","section":"Shading Mode"},"sceneLighting":true,"audioPlay":false,"sceneViewState":{"m_AlwaysRefresh":false,"showFog":true,"showSkybox":true,"showFlares":true,"showImageEffects":true,"showParticleSystems":true,"showVisualEffectGraphs":true,"m_FxEnabled":true},"in2DMode":false,"pivot":{"x":6.628296375274658,"y":9.124260902404786,"z":0.9499890804290772},"rotation":{"x":0.03880522772669792,"y":-0.9603011012077332,"z":0.21556399762630464,"w":0.17300385236740113},"size":1.3405907154083253,"orthographic":false}