{"cameraMode":{"drawMode":0,"name":"Shaded","section":"Shading Mode"},"sceneLighting":true,"audioPlay":false,"sceneViewState":{"m_AlwaysRefresh":false,"showFog":true,"showSkybox":true,"showFlares":true,"showImageEffects":true,"showParticleSystems":true,"showVisualEffectGraphs":true,"m_FxEnabled":true},"in2DMode":false,"pivot":{"x":-5.991307258605957,"y":3.1645851135253908,"z":9.447309494018555},"rotation":{"x":0.031497977674007419,"y":0.29766255617141726,"z":0.009823017753660679,"w":-0.9541228413581848},"size":10.043956756591797,"orthographic":false}