{"cameraMode":{"drawMode":0,"name":"Shaded","section":"Shading Mode"},"sceneLighting":true,"audioPlay":false,"sceneViewState":{"m_AlwaysRefresh":false,"showFog":true,"showSkybox":true,"showFlares":true,"showImageEffects":true,"showParticleSystems":true,"showVisualEffectGraphs":true,"m_FxEnabled":true},"in2DMode":false,"pivot":{"x":462.17645263671877,"y":223.95709228515626,"z":4.973175048828125},"rotation":{"x":-0.08122609555721283,"y":0.005921271163970232,"z":-0.000957077369093895,"w":-0.9968173503875732},"size":247.1004638671875,"orthographic":false}