{"cameraMode":{"drawMode":0,"name":"Shaded","section":"Shading Mode"},"sceneLighting":false,"audioPlay":false,"sceneViewState":{"m_AlwaysRefresh":false,"showFog":true,"showSkybox":false,"showFlares":true,"showImageEffects":true,"showParticleSystems":true,"showVisualEffectGraphs":true,"m_FxEnabled":true},"in2DMode":false,"pivot":{"x":-2.754063367843628,"y":3.456057071685791,"z":2.8153204917907717},"rotation":{"x":0.003205459099262953,"y":0.9705507159233093,"z":-0.2409147322177887,"w":0.012531527318060398},"size":6.011044025421143,"orthographic":false}