{"cameraMode":{"drawMode":0,"name":"Shaded","section":"Shading Mode"},"sceneLighting":false,"audioPlay":false,"sceneViewState":{"m_AlwaysRefresh":false,"showFog":true,"showSkybox":false,"showFlares":true,"showImageEffects":true,"showParticleSystems":true,"showVisualEffectGraphs":true,"m_FxEnabled":true},"in2DMode":false,"pivot":{"x":0.24045753479003907,"y":2.034679412841797,"z":2.353626251220703},"rotation":{"x":-0.035972706973552707,"y":-0.9525182247161865,"z":0.2762646973133087,"w":-0.12354782223701477},"size":6.011044025421143,"orthographic":false}